{"cameraMode":{"drawMode":0,"name":"Shaded","section":"Shading Mode"},"sceneLighting":true,"audioPlay":false,"sceneViewState":{"showFog":true,"showMaterialUpdate":false,"showSkybox":true,"showFlares":true,"showImageEffects":true,"showParticleSystems":true},"in2DMode":false,"pivot":{"x":-2.074981689453125,"y":0.9749088287353516,"z":-1.6722313165664673},"rotation":{"x":0.18692409992218018,"y":-0.6772000789642334,"z":0.18414650857448579,"w":0.6874352693557739},"size":10.621169090270996,"orthographic":false}